Date,Series,Scientific,Common,Specimen,Stain,Location,Plate,Reference,Investigation,Microscope,Objective,ObjectiveMagnification,Camera,LowerCameraMagnification,UpperCameraMagnification,NotebookReference,Notes
2026-03-12,SI 0 - Elementary Discipline in the use of the Microscope,Vicia faba,Broad bean,"Young broad bean root, T.S.",,,LAK-OBS-001.png,LAK-OBS-001,IN-2026-000,"Ernst Leitz, Wetzlar, 1912, Stand II",No. 3,10,Swift EC5R,26,39,"Vol. III, p. 8",Magnification stated on the plate is approximate
2026-03-12,SI 0 - Elementary Discipline in the use of the Microscope,Vicia faba,Broad bean,"Young broad bean root, T.S.",,,LAK-OBS-002.png,LAK-OBS-002,IN-2026-000,"Ernst Leitz, Wetzlar, 1912, Stand II",No. 3,10,Swift EC5R,26,39,"Vol. III, p. 8",Magnification stated on the plate is approximate
2026-03-12,SI 0 - Elementary Discipline in the use of the Microscope,Vicia faba,Broad bean,"Young broad bean root, T.S.",,,LAK-SI3-001.png,LAK-SI3-001,IN-2026-000,"Ernst Leitz, Wetzlar, 1912, Stand II",No. 3,10,Swift EC5R,26,39,"Vol. III, p. 8",
2026-03-12,SI 0 - Elementary Discipline in the use of the Microscope,Vicia faba,Broad bean,"Young broad bean root, T.S.",,,LAK-SI3-002.png,LAK-SI3-002,IN-2026-000,"Ernst Leitz, Wetzlar, 1912, Stand II",No. 3,10,Swift EC5R,26,39,"Vol. III, p. 8",
2026-03-12,PS I - LAKWAR Prepared Slides for Microbiology,Vicia faba,Broad bean,"Young broad bean root, T.S.",,,PS-LAK-001-001.png,PS-LAK-001-001,IN-2026-008,"Ernst Leitz, Wetzlar, 1912, Stand II",No. 3,10,Swift EC5R,26,39,"Vol. III, p. 25",
2026-03-12,PS I - LAKWAR Prepared Slides for Microbiology,Vicia faba,Broad bean,"Young broad bean root, T.S.",,,PS-LAK-001-002.png,PS-LAK-001-002,IN-2026-008,"Ernst Leitz, Wetzlar, 1912, Stand II",No. 3,10,Swift EC5R,26,39,"Vol. III, p. 25",
2026-03-12,PS I - LAKWAR Prepared Slides for Microbiology,Vicia faba,Broad bean,"Young broad bean root, T.S.",,,PS-LAK-001-003.png,PS-LAK-001-003,IN-2026-008,"Ernst Leitz, Wetzlar, 1912, Stand II",No. 3,10,Swift EC5R,26,39,"Vol. III, p. 25",
2026-03-12,PS I - LAKWAR Prepared Slides for Microbiology,Zea sp.,Maize,"Zea Root Tip, L.S.",,,PS-LAK-002-001.png,PS-LAK-002-001,IN-2026-008,"Ernst Leitz, Wetzlar, 1912, Stand II",No. 3,10,Swift EC5R,26,39,"Vol. III, p. 25",
2026-03-12,PS I - LAKWAR Prepared Slides for Microbiology,Zea sp.,Maize,"Zea Root Tip, L.S.",,,PS-LAK-002-002.png,PS-LAK-002-002,IN-2026-008,"Ernst Leitz, Wetzlar, 1912, Stand II",No. 3,10,Swift EC5R,26,39,"Vol. III, p. 25",
2026-03-12,PS I - LAKWAR Prepared Slides for Microbiology,Zea sp.,Maize,"Zea Root Tip, L.S.",,,PS-LAK-002-003.png,PS-LAK-002-003,IN-2026-008,"Ernst Leitz, Wetzlar, 1912, Stand II",No. 3,10,Swift EC5R,26,39,"Vol. III, p. 25",
2026-03-12,PS I - LAKWAR Prepared Slides for Microbiology,Zea sp.,Maize,"Zea Root Tip, L.S.",,,PS-LAK-002-004.png,PS-LAK-002-004,IN-2026-008,"Ernst Leitz, Wetzlar, 1912, Stand II",No. 3,10,Swift EC5R,26,39,"Vol. III, p. 25",
2026-03-12,PS I - LAKWAR Prepared Slides for Microbiology,Gossyplum hirsutum,Upland cotton,"Gossyplum hirsutum root, T.S.",,,PS-LAK-003-001.png,PS-LAK-003-001,IN-2026-008,"Ernst Leitz, Wetzlar, 1912, Stand II",No. 3,10,Swift EC5R,26,39,"Vol. III, p. 25",
2026-03-12,PS I - LAKWAR Prepared Slides for Microbiology,Gossyplum hirsutum,Upland cotton,"Gossyplum hirsutum root, T.S.",,,PS-LAK-003-002.png,PS-LAK-003-002,IN-2026-008,"Ernst Leitz, Wetzlar, 1912, Stand II",No. 3,10,Swift EC5R,26,39,"Vol. III, p. 25",
2026-03-12,PS I - LAKWAR Prepared Slides for Microbiology,Gossyplum hirsutum,Upland cotton,"Gossyplum hirsutum root, T.S.",,,PS-LAK-003-003.png,PS-LAK-003-003,IN-2026-008,"Ernst Leitz, Wetzlar, 1912, Stand II",No. 3,10,Swift EC5R,26,39,"Vol. III, p. 25",
2026-03-12,PS I - LAKWAR Prepared Slides for Microbiology,Raphanus sativus,Radish,"Radish root, T.S.",,,PS-LAK-004-001.png,PS-LAK-004-001,IN-2026-008,"Ernst Leitz, Wetzlar, 1912, Stand II",No. 3,10,Swift EC5R,26,39,"Vol. III, p. 25",
2026-03-12,PS I - LAKWAR Prepared Slides for Microbiology,Raphanus sativus,Radish,"Radish root, T.S.",,,PS-LAK-004-002.png,PS-LAK-004-002,IN-2026-008,"Ernst Leitz, Wetzlar, 1912, Stand II",No. 3,10,Swift EC5R,26,39,"Vol. III, p. 25",
2026-03-12,PS I - LAKWAR Prepared Slides for Microbiology,Raphanus sativus,Radish,"Radish root, T.S.",,,PS-LAK-004-003.png,PS-LAK-004-003,IN-2026-008,"Ernst Leitz, Wetzlar, 1912, Stand II",No. 3,10,Swift EC5R,26,39,"Vol. III, p. 25",
2026-03-12,PS I - LAKWAR Prepared Slides for Microbiology,Raphanus sativus,Radish,"Radish root, T.S.",,,PS-LAK-004-004.png,PS-LAK-004-004,IN-2026-008,"Ernst Leitz, Wetzlar, 1912, Stand II",No. 3,10,Swift EC5R,26,39,"Vol. III, p. 25",
2026-03-12,PS I - LAKWAR Prepared Slides for Microbiology,Raphanus sativus,Radish,"Radish root, T.S.",,,PS-LAK-004-005.png,PS-LAK-004-005,IN-2026-008,"Ernst Leitz, Wetzlar, 1912, Stand II",No. 3,10,Swift EC5R,26,39,"Vol. III, p. 25",
2026-03-12,PS I - LAKWAR Prepared Slides for Microbiology,Raphanus sativus,Radish,"Radish root, T.S.",,,PS-LAK-004-006.png,PS-LAK-004-006,IN-2026-008,"Ernst Leitz, Wetzlar, 1912, Stand II",No. 3,10,Swift EC5R,26,39,"Vol. III, p. 25",
2026-03-12,PS I - LAKWAR Prepared Slides for Microbiology,Vicia faba,Broad bean,"Vicia faba leaf, lower epiderm peel, W.M.",,,PS-LAK-005-001.png,PS-LAK-005-001,IN-2026-008,"Ernst Leitz, Wetzlar, 1912, Stand II",No. 3,10,Swift EC5R,26,39,"Vol. III, p. 25",
2026-03-12,PS I - LAKWAR Prepared Slides for Microbiology,Brassica napus,Oilseed rape,"Rapeseed flower, T.S.",,,PS-LAK-006-001.png,PS-LAK-006-001,IN-2026-008,"Ernst Leitz, Wetzlar, 1912, Stand II",No. 3,10,Swift EC5R,26,39,"Vol. III, p. 25",
2026-03-12,PS I - LAKWAR Prepared Slides for Microbiology,Brassica napus,Oilseed rape,"Rapeseed flower, T.S.",,,PS-LAK-006-002.png,PS-LAK-006-002,IN-2026-008,"Ernst Leitz, Wetzlar, 1912, Stand II",No. 3,10,Swift EC5R,26,39,"Vol. III, p. 25",
2026-03-12,PS I - LAKWAR Prepared Slides for Microbiology,Brassica napus,Oilseed rape,"Rapeseed flower, T.S.",,,PS-LAK-006-003.png,PS-LAK-006-003,IN-2026-008,"Ernst Leitz, Wetzlar, 1912, Stand II",No. 3,10,Swift EC5R,26,39,"Vol. III, p. 25",
2026-03-12,PS I - LAKWAR Prepared Slides for Microbiology,Tradescantia reflexa,Spiderwort,"Tradescantia reflexa leaf, lower epiderm peel, W.M.",,,PS-LAK-007-001.png,PS-LAK-007-001,IN-2026-008,"Ernst Leitz, Wetzlar, 1912, Stand II",No. 3,10,Swift EC5R,26,39,"Vol. III, p. 25",
2026-03-12,PS I - LAKWAR Prepared Slides for Microbiology,,,Tendon (L.S.) with bone and marrow,,,PS-LAK-008-001.png,PS-LAK-008-001,IN-2026-008,"Ernst Leitz, Wetzlar, 1912, Stand II",No. 3,10,Swift EC5R,26,39,"Vol. III, p. 25",
2026-03-12,PS I - LAKWAR Prepared Slides for Microbiology,,,Tendon (L.S.) with bone and marrow,,,PS-LAK-008-002.png,PS-LAK-008-002,IN-2026-008,"Ernst Leitz, Wetzlar, 1912, Stand II",No. 3,10,Swift EC5R,26,39,"Vol. III, p. 25",
2026-03-12,PS I - LAKWAR Prepared Slides for Microbiology,,,Tendon (L.S.) with bone and marrow,,,PS-LAK-008-003.png,PS-LAK-008-003,IN-2026-008,"Ernst Leitz, Wetzlar, 1912, Stand II",No. 3,10,Swift EC5R,26,39,"Vol. III, p. 25",
2026-03-12,PS I - LAKWAR Prepared Slides for Microbiology,Helianthus annuus,Sunflower,"Sunflower stem, L.S.",,,PS-LAK-009-001.png,PS-LAK-009-001,IN-2026-008,"Ernst Leitz, Wetzlar, 1912, Stand II",No. 3,10,Swift EC5R,26,39,"Vol. III, p. 25",
2026-03-12,PS I - LAKWAR Prepared Slides for Microbiology,Helianthus annuus,Sunflower,"Sunflower stem, L.S.",,,PS-LAK-009-002.png,PS-LAK-009-002,IN-2026-008,"Ernst Leitz, Wetzlar, 1912, Stand II",No. 3,10,Swift EC5R,26,39,"Vol. III, p. 25",
2026-03-12,PS I - LAKWAR Prepared Slides for Microbiology,Helianthus annuus,Sunflower,"Sunflower stem, L.S.",,,PS-LAK-009-003.png,PS-LAK-009-003,IN-2026-008,"Ernst Leitz, Wetzlar, 1912, Stand II",No. 3,10,Swift EC5R,26,39,"Vol. III, p. 25",
2026-03-12,PS I - LAKWAR Prepared Slides for Microbiology,Gossyplum sp.,Cotton,"Cotton stem, L.S.",,,PS-LAK-010-001.png,PS-LAK-010-001,IN-2026-008,"Ernst Leitz, Wetzlar, 1912, Stand II",No. 3,10,Swift EC5R,26,39,"Vol. III, p. 25",
2026-03-12,PS I - LAKWAR Prepared Slides for Microbiology,Gossyplum sp.,Cotton,"Cotton stem, L.S.",,,PS-LAK-010-002.png,PS-LAK-010-002,IN-2026-008,"Ernst Leitz, Wetzlar, 1912, Stand II",No. 3,10,Swift EC5R,26,39,"Vol. III, p. 25",
2026-03-12,PS I - LAKWAR Prepared Slides for Microbiology,Gossyplum sp.,Cotton,"Cotton stem, L.S.",,,PS-LAK-010-003.png,PS-LAK-010-003,IN-2026-008,"Ernst Leitz, Wetzlar, 1912, Stand II",No. 3,10,Swift EC5R,26,39,"Vol. III, p. 25",
2026-03-12,PS I - LAKWAR Prepared Slides for Microbiology,Pinus sp.,Pine,"Pine stem, T.S.",,,PS-LAK-011-001.png,PS-LAK-011-001,IN-2026-008,"Ernst Leitz, Wetzlar, 1912, Stand II",No. 3,10,Swift EC5R,26,39,"Vol. III, p. 25",
2026-03-12,PS I - LAKWAR Prepared Slides for Microbiology,Pinus sp.,Pine,"Pine stem, T.S.",,,PS-LAK-011-002.png,PS-LAK-011-002,IN-2026-008,"Ernst Leitz, Wetzlar, 1912, Stand II",No. 3,10,Swift EC5R,26,39,"Vol. III, p. 25",
2026-03-12,PS I - LAKWAR Prepared Slides for Microbiology,Cucurbita sp.,Pumpkin,"Pumpkin stem, T.S.",,,PS-LAK-012-001.png,PS-LAK-012-001,IN-2026-008,"Ernst Leitz, Wetzlar, 1912, Stand II",No. 3,10,Swift EC5R,26,39,"Vol. III, p. 25",
2026-03-12,PS I - LAKWAR Prepared Slides for Microbiology,Cucurbita sp.,Pumpkin,"Pumpkin stem, T.S.",,,PS-LAK-012-002.png,PS-LAK-012-002,IN-2026-008,"Ernst Leitz, Wetzlar, 1912, Stand II",No. 3,10,Swift EC5R,26,39,"Vol. III, p. 25",
2026-03-12,PS I - LAKWAR Prepared Slides for Microbiology,Cucurbita sp.,Pumpkin,"Pumpkin stem, T.S.",,,PS-LAK-012-003.png,PS-LAK-012-003,IN-2026-008,"Ernst Leitz, Wetzlar, 1912, Stand II",No. 3,10,Swift EC5R,26,39,"Vol. III, p. 25",
2026-03-12,PS I - LAKWAR Prepared Slides for Microbiology,Zea sp.,Maize,"Zea stem, T.S.",,,PS-LAK-013-001.png,PS-LAK-013-001,IN-2026-008,"Ernst Leitz, Wetzlar, 1912, Stand II",No. 3,10,Swift EC5R,26,39,"Vol. III, p. 25",
2026-03-12,PS I - LAKWAR Prepared Slides for Microbiology,Helianthus annuus,Sunflower,"Sunflower stem, T.S.",,,PS-LAK-014-001.png,PS-LAK-014-001,IN-2026-008,"Ernst Leitz, Wetzlar, 1912, Stand II",No. 3,10,Swift EC5R,26,39,"Vol. III, p. 25",
2026-03-12,PS I - LAKWAR Prepared Slides for Microbiology,Oryza sativa,Rice,"Rice stem, T.S.",,,PS-LAK-015-001.png,PS-LAK-015-001,IN-2026-008,"Ernst Leitz, Wetzlar, 1912, Stand II",No. 3,10,Swift EC5R,26,39,"Vol. III, p. 25",
2026-03-12,PS I - LAKWAR Prepared Slides for Microbiology,Triticum aestivum,Wheat,"Wheat stem, T.S.",,,PS-LAK-016-001.png,PS-LAK-016-001,IN-2026-008,"Ernst Leitz, Wetzlar, 1912, Stand II",No. 3,10,Swift EC5R,26,39,"Vol. III, p. 25",
2026-03-12,PS I - LAKWAR Prepared Slides for Microbiology,Tilia sp.,Lime,"Tilia stem, T.S.",,,PS-LAK-017-001.png,PS-LAK-017-001,IN-2026-008,"Ernst Leitz, Wetzlar, 1912, Stand II",No. 3,10,Swift EC5R,26,39,"Vol. III, p. 25",
2026-03-12,PS I - LAKWAR Prepared Slides for Microbiology,Tilia sp.,Lime,"Tilia stem, T.S.",,,PS-LAK-017-002.png,PS-LAK-017-002,IN-2026-008,"Ernst Leitz, Wetzlar, 1912, Stand II",No. 3,10,Swift EC5R,26,39,"Vol. III, p. 25",
2026-03-12,PS I - LAKWAR Prepared Slides for Microbiology,Capsicum sp.,Pepper,"Capsicum peel, W.M.",,,PS-LAK-018-001.png,PS-LAK-018-001,IN-2026-008,"Ernst Leitz, Wetzlar, 1912, Stand II",No. 3,10,Swift EC5R,26,39,"Vol. III, p. 25",
2026-03-12,PS I - LAKWAR Prepared Slides for Microbiology,,,"Apical bud, L.S.",,,PS-LAK-019-001.png,PS-LAK-019-001,IN-2026-008,"Ernst Leitz, Wetzlar, 1912, Stand II",No. 3,10,Swift EC5R,26,39,"Vol. III, p. 25",
2026-03-12,PS I - LAKWAR Prepared Slides for Microbiology,,,"Apical bud, L.S.",,,PS-LAK-019-002.png,PS-LAK-019-002,IN-2026-008,"Ernst Leitz, Wetzlar, 1912, Stand II",No. 3,10,Swift EC5R,26,39,"Vol. III, p. 25",
2026-03-12,PS I - LAKWAR Prepared Slides for Microbiology,,,"Apical bud, L.S.",,,PS-LAK-019-003.png,PS-LAK-019-003,IN-2026-008,"Ernst Leitz, Wetzlar, 1912, Stand II",No. 3,10,Swift EC5R,26,39,"Vol. III, p. 25",
2026-03-12,PS I - LAKWAR Prepared Slides for Microbiology,Jasminum nudiflorum,Jasmine,"Jasminum nudiflorum leaf, T.S.",,,PS-LAK-020-001.png,PS-LAK-020-001,IN-2026-008,"Ernst Leitz, Wetzlar, 1912, Stand II",No. 3,10,Swift EC5R,26,39,"Vol. III, p. 25",
2026-03-13,PS I - LAKWAR Prepared Slides for Microbiology,Ligustrum lucidum,Glossy privet,"Leaf of Ligustrum lucidum, T.S.",,,PS-LAK-021-001.png,PS-LAK-021-001,IN-2026-008,"Ernst Leitz, Wetzlar, 1912, Stand II",No. 3,10,Swift EC5R,26,39,"Vol. III, p. 25",
2026-03-13,PS I - LAKWAR Prepared Slides for Microbiology,Ligustrum lucidum,Glossy privet,"Leaf of Ligustrum lucidum, T.S.",,,PS-LAK-021-002.png,PS-LAK-021-002,IN-2026-008,"Ernst Leitz, Wetzlar, 1912, Stand II",No. 3,10,Swift EC5R,26,39,"Vol. III, p. 25",
2026-03-13,PS I - LAKWAR Prepared Slides for Microbiology,Gossyplum sp.,Cotton,"Cotton leaf, T.S.",,,PS-LAK-022-001.png,PS-LAK-022-001,IN-2026-008,"Ernst Leitz, Wetzlar, 1912, Stand II",No. 3,10,Swift EC5R,26,39,"Vol. III, p. 25",
2026-03-13,PS I - LAKWAR Prepared Slides for Microbiology,Pinus sp.,Pine,"Pine leaf, T.S.",,,PS-LAK-023-001.png,PS-LAK-023-001,IN-2026-008,"Ernst Leitz, Wetzlar, 1912, Stand II",No. 3,10,Swift EC5R,26,39,"Vol. III, p. 25",
2026-03-13,PS I - LAKWAR Prepared Slides for Microbiology,Pinus sp.,Pine,"Pine leaf, T.S.",,,PS-LAK-023-002.png,PS-LAK-023-002,IN-2026-008,"Ernst Leitz, Wetzlar, 1912, Stand II",No. 3,10,Swift EC5R,26,39,"Vol. III, p. 25",
2026-03-13,PS I - LAKWAR Prepared Slides for Microbiology,Pinus sp.,Pine,"Pine leaf, T.S.",,,PS-LAK-023-003.png,PS-LAK-023-003,IN-2026-008,"Ernst Leitz, Wetzlar, 1912, Stand II",No. 3,10,Swift EC5R,26,39,"Vol. III, p. 25",
2026-03-13,PS I - LAKWAR Prepared Slides for Microbiology,Pinus sp.,Pine,"Pine leaf, T.S.",,,PS-LAK-023-004.png,PS-LAK-023-004,IN-2026-008,"Ernst Leitz, Wetzlar, 1912, Stand II",No. 3,10,Swift EC5R,26,39,"Vol. III, p. 25",
2026-03-13,PS I - LAKWAR Prepared Slides for Microbiology,Nerium indicum,Oleander,"Leaf of Nerium indicum, T.S.",,,PS-LAK-024-001.png,PS-LAK-024-001,IN-2026-008,"Ernst Leitz, Wetzlar, 1912, Stand II",No. 3,10,Swift EC5R,26,39,"Vol. III, p. 25",
2026-03-13,PS I - LAKWAR Prepared Slides for Microbiology,Nerium indicum,Oleander,"Leaf of Nerium indicum, T.S.",,,PS-LAK-024-002.png,PS-LAK-024-002,IN-2026-008,"Ernst Leitz, Wetzlar, 1912, Stand II",No. 3,10,Swift EC5R,26,39,"Vol. III, p. 25",
2026-03-13,PS I - LAKWAR Prepared Slides for Microbiology,Nerium indicum,Oleander,"Leaf of Nerium indicum, T.S.",,,PS-LAK-024-003.png,PS-LAK-024-003,IN-2026-008,"Ernst Leitz, Wetzlar, 1912, Stand II",No. 3,10,Swift EC5R,26,39,"Vol. III, p. 25",
2026-03-13,PS I - LAKWAR Prepared Slides for Microbiology,Nerium indicum,Oleander,"Leaf of Nerium indicum, T.S.",,,PS-LAK-024-004.png,PS-LAK-024-004,IN-2026-008,"Ernst Leitz, Wetzlar, 1912, Stand II",No. 3,10,Swift EC5R,26,39,"Vol. III, p. 25",
2026-03-13,PS I - LAKWAR Prepared Slides for Microbiology,Nerium indicum,Oleander,"Leaf of Nerium indicum, T.S.",,,PS-LAK-024-005.png,PS-LAK-024-005,IN-2026-008,"Ernst Leitz, Wetzlar, 1912, Stand II",No. 3,10,Swift EC5R,26,39,"Vol. III, p. 25",
2026-03-13,PS I - LAKWAR Prepared Slides for Microbiology,Nerium indicum,Oleander,"Leaf of Nerium indicum, T.S.",,,PS-LAK-024-006.png,PS-LAK-024-006,IN-2026-008,"Ernst Leitz, Wetzlar, 1912, Stand II",No. 3,10,Swift EC5R,26,39,"Vol. III, p. 25",
2026-03-13,PS I - LAKWAR Prepared Slides for Microbiology,Nostoc commune,Star jelly,"Nostoc commune, W.M.",,,PS-LAK-025-001.png,PS-LAK-025-001,IN-2026-008,"Ernst Leitz, Wetzlar, 1912, Stand II",No. 3,10,Swift EC5R,26,39,"Vol. III, p. 25",
2026-03-13,PS I - LAKWAR Prepared Slides for Microbiology,Capsella bursa-pastoris,Shepherd’s purse,"Shepherd’s purse flower, T.S.",,,PS-LAK-026-001.png,PS-LAK-026-001,IN-2026-008,"Ernst Leitz, Wetzlar, 1912, Stand II",No. 3,10,Swift EC5R,26,39,"Vol. III, p. 25",
2026-03-13,PS I - LAKWAR Prepared Slides for Microbiology,Capsella bursa-pastoris,Shepherd’s purse,"Shepherd’s purse flower, T.S.",,,PS-LAK-026-002.png,PS-LAK-026-002,IN-2026-008,"Ernst Leitz, Wetzlar, 1912, Stand II",No. 3,10,Swift EC5R,26,39,"Vol. III, p. 25",
2026-03-13,PS I - LAKWAR Prepared Slides for Microbiology,Helianthus annuus,Sunflower,"Sunflower leaf, T.S.",,,PS-LAK-027-001.png,PS-LAK-027-001,IN-2026-008,"Ernst Leitz, Wetzlar, 1912, Stand II",No. 3,10,Swift EC5R,26,39,"Vol. III, p. 25",
2026-03-13,PS I - LAKWAR Prepared Slides for Microbiology,Helianthus annuus,Sunflower,"Sunflower leaf, T.S.",,,PS-LAK-027-002.png,PS-LAK-027-002,IN-2026-008,"Ernst Leitz, Wetzlar, 1912, Stand II",No. 3,10,Swift EC5R,26,39,"Vol. III, p. 25",
2026-03-13,PS I - LAKWAR Prepared Slides for Microbiology,Helianthus annuus,Sunflower,"Sunflower leaf, T.S.",,,PS-LAK-027-003.png,PS-LAK-027-003,IN-2026-008,"Ernst Leitz, Wetzlar, 1912, Stand II",No. 3,10,Swift EC5R,26,39,"Vol. III, p. 25",
2026-03-13,PS I - LAKWAR Prepared Slides for Microbiology,Helianthus annuus,Sunflower,"Sunflower leaf, T.S.",,,PS-LAK-027-004.png,PS-LAK-027-004,IN-2026-008,"Ernst Leitz, Wetzlar, 1912, Stand II",No. 3,10,Swift EC5R,26,39,"Vol. III, p. 25",
2026-03-17,PS I - LAKWAR Prepared Slides for Microbiology,Cycas revoluta,Sago palm,"Sago cycas leaf, T.S.",,,PS-LAK-028-001.png,PS-LAK-028-001,IN-2026-008,"Ernst Leitz, Wetzlar, 1912, Stand II",No. 3,10,Swift EC5R,26,39,"Vol. III, p. 25",
2026-03-17,PS I - LAKWAR Prepared Slides for Microbiology,Cycas revoluta,Sago palm,"Sago cycas leaf, T.S.",,,PS-LAK-028-002.png,PS-LAK-028-002,IN-2026-008,"Ernst Leitz, Wetzlar, 1912, Stand II",No. 3,10,Swift EC5R,26,39,"Vol. III, p. 25",
2026-03-17,PS I - LAKWAR Prepared Slides for Microbiology,Cycas revoluta,Sago palm,"Sago cycas leaf, T.S.",,,PS-LAK-028-003.png,PS-LAK-028-003,IN-2026-008,"Ernst Leitz, Wetzlar, 1912, Stand II",No. 3,10,Swift EC5R,26,39,"Vol. III, p. 25",
2026-03-17,PS I - LAKWAR Prepared Slides for Microbiology,Cycas revoluta,Sago palm,"Sago cycas leaf, T.S.",,,PS-LAK-028-004.png,PS-LAK-028-004,IN-2026-008,"Ernst Leitz, Wetzlar, 1912, Stand II",No. 3,10,Swift EC5R,26,39,"Vol. III, p. 25",
2026-03-17,PS I - LAKWAR Prepared Slides for Microbiology,Cycas revoluta,Sago palm,"Sago cycas leaf, T.S.",,,PS-LAK-028-005.png,PS-LAK-028-005,IN-2026-008,"Ernst Leitz, Wetzlar, 1912, Stand II",No. 3,10,Swift EC5R,26,39,"Vol. III, p. 25",
2026-03-17,PS I - LAKWAR Prepared Slides for Microbiology,Pittosporum tobira,Japanese pittosporum,"Pittosporum tobira leaf, T.S.",,,PS-LAK-029-001.png,PS-LAK-029-001,IN-2026-008,"Ernst Leitz, Wetzlar, 1912, Stand II",No. 3,10,Swift EC5R,26,39,"Vol. III, p. 25",
2026-03-17,PS I - LAKWAR Prepared Slides for Microbiology,Lilium sp.,Lily,"Lilium leaf, T.S.",,,PS-LAK-030-001.png,PS-LAK-030-001,IN-2026-008,"Ernst Leitz, Wetzlar, 1912, Stand II",No. 3,10,Swift EC5R,26,39,"Vol. III, p. 25",
2026-03-17,PS I - LAKWAR Prepared Slides for Microbiology,Polypodiopsida sp.,Fern,"Fern leaf, T.S.",,,PS-LAK-031-001.png,PS-LAK-031-001,IN-2026-008,"Ernst Leitz, Wetzlar, 1912, Stand II",No. 3,10,Swift EC5R,26,39,"Vol. III, p. 25",
2026-03-17,PS I - LAKWAR Prepared Slides for Microbiology,Allium cepa,Bulb onion,"Root tip of Allium cepa, L.S.",,,PS-LAK-032-001.png,PS-LAK-032-001,IN-2026-008,"Ernst Leitz, Wetzlar, 1912, Stand II",No. 3,10,Swift EC5R,26,39,"Vol. III, p. 25",
2026-03-17,PS I - LAKWAR Prepared Slides for Microbiology,Allium cepa,Bulb onion,"Root tip of Allium cepa, L.S.",,,PS-LAK-032-002.png,PS-LAK-032-002,IN-2026-008,"Ernst Leitz, Wetzlar, 1912, Stand II",No. 3,10,Swift EC5R,26,39,"Vol. III, p. 25",
2026-03-17,PS I - LAKWAR Prepared Slides for Microbiology,Allium cepa,Bulb onion,"Onion epidermis, W.M.",,,PS-LAK-033-001.png,PS-LAK-033-001,IN-2026-008,"Ernst Leitz, Wetzlar, 1912, Stand II",No. 3,10,Swift EC5R,26,39,"Vol. III, p. 25",
2026-03-17,PS I - LAKWAR Prepared Slides for Microbiology,Lilium sp.,Lily,"Mature anther of Lilium, T.S.",,,PS-LAK-034-001.png,PS-LAK-034-001,IN-2026-008,"Ernst Leitz, Wetzlar, 1912, Stand II",No. 3,10,Swift EC5R,26,39,"Vol. III, p. 25",
2026-03-17,PS I - LAKWAR Prepared Slides for Microbiology,Lilium sp.,Lily,"Mature anther of Lilium, T.S.",,,PS-LAK-034-002.png,PS-LAK-034-002,IN-2026-008,"Ernst Leitz, Wetzlar, 1912, Stand II",No. 3,10,Swift EC5R,26,39,"Vol. III, p. 25",
2026-03-17,PS I - LAKWAR Prepared Slides for Microbiology,Lilium sp.,Lily,"Mature anther of Lilium, T.S.",,,PS-LAK-034-003.png,PS-LAK-034-003,IN-2026-008,"Ernst Leitz, Wetzlar, 1912, Stand II",No. 3,10,Swift EC5R,26,39,"Vol. III, p. 25",
2026-03-17,PS I - LAKWAR Prepared Slides for Microbiology,Lilium sp.,Lily,"Mature anther of Lilium, T.S.",,,PS-LAK-034-004.png,PS-LAK-034-004,IN-2026-008,"Ernst Leitz, Wetzlar, 1912, Stand II",No. 3,10,Swift EC5R,26,39,"Vol. III, p. 25",
2026-03-17,PS I - LAKWAR Prepared Slides for Microbiology,,Mushroom,Mushroom section,,,PS-LAK-040-001.png,PS-LAK-040-001,IN-2026-008,"Ernst Leitz, Wetzlar, 1912, Stand II",No. 3,10,Swift EC5R,26,39,"Vol. III, p. 25",
2026-03-17,PS I - LAKWAR Prepared Slides for Microbiology,Zea sp.,Maize,"Zea seed, L.S.",,,PS-LAK-041-001.png,PS-LAK-041-001,IN-2026-008,"Ernst Leitz, Wetzlar, 1912, Stand II",No. 3,10,Swift EC5R,26,39,"Vol. III, p. 25",
2026-03-17,PS I - LAKWAR Prepared Slides for Microbiology,Zea sp.,Maize,"Zea seed, L.S.",,,PS-LAK-041-002.png,PS-LAK-041-002,IN-2026-008,"Ernst Leitz, Wetzlar, 1912, Stand II",No. 3,10,Swift EC5R,26,39,"Vol. III, p. 25",
2026-03-17,PS I - LAKWAR Prepared Slides for Microbiology,Zea sp.,Maize,"Zea seed, L.S.",,,PS-LAK-041-003.png,PS-LAK-041-003,IN-2026-008,"Ernst Leitz, Wetzlar, 1912, Stand II",No. 3,10,Swift EC5R,26,39,"Vol. III, p. 25",
2026-03-17,PS I - LAKWAR Prepared Slides for Microbiology,Zea sp.,Maize,"Zea seed, L.S.",,,PS-LAK-041-004.png,PS-LAK-041-004,IN-2026-008,"Ernst Leitz, Wetzlar, 1912, Stand II",No. 3,10,Swift EC5R,26,39,"Vol. III, p. 25",
2026-03-17,PS I - LAKWAR Prepared Slides for Microbiology,Triticum aestivum,Wheat,"Wheat seed, T.S.",,,PS-LAK-042-001.png,PS-LAK-042-001,IN-2026-008,"Ernst Leitz, Wetzlar, 1912, Stand II",No. 3,10,Swift EC5R,26,39,"Vol. III, p. 25",
2026-03-17,PS I - LAKWAR Prepared Slides for Microbiology,Triticum aestivum,Wheat,"Wheat seed, T.S.",,,PS-LAK-042-002.png,PS-LAK-042-002,IN-2026-008,"Ernst Leitz, Wetzlar, 1912, Stand II",No. 3,10,Swift EC5R,26,39,"Vol. III, p. 25",
2026-03-17,PS I - LAKWAR Prepared Slides for Microbiology,Triticum aestivum,Wheat,"Wheat seed, T.S.",,,PS-LAK-042-003.png,PS-LAK-042-003,IN-2026-008,"Ernst Leitz, Wetzlar, 1912, Stand II",No. 3,10,Swift EC5R,26,39,"Vol. III, p. 25",
2026-03-17,PS I - LAKWAR Prepared Slides for Microbiology,Pinus sp.,Pine,"Pine cone, female, L.S.",,,PS-LAK-043-001.png,PS-LAK-043-001,IN-2026-008,"Ernst Leitz, Wetzlar, 1912, Stand II",No. 3,10,Swift EC5R,26,39,"Vol. III, p. 25",
2026-03-17,PS I - LAKWAR Prepared Slides for Microbiology,Pinus sp.,Pine,"Pine, young staminate cone, L.S.",,,PS-LAK-044-001.png,PS-LAK-044-001,IN-2026-008,"Ernst Leitz, Wetzlar, 1912, Stand II",No. 3,10,Swift EC5R,26,39,"Vol. III, p. 25",
2026-03-17,PS I - LAKWAR Prepared Slides for Microbiology,Pinus sp.,Pine,"Pine, young staminate cone, L.S.",,,PS-LAK-044-002.png,PS-LAK-044-002,IN-2026-008,"Ernst Leitz, Wetzlar, 1912, Stand II",No. 3,10,Swift EC5R,26,39,"Vol. III, p. 25",
2026-03-17,PS I - LAKWAR Prepared Slides for Microbiology,Pinus sp.,Pine,"Pine, young staminate cone, L.S.",,,PS-LAK-044-003.png,PS-LAK-044-003,IN-2026-008,"Ernst Leitz, Wetzlar, 1912, Stand II",No. 3,10,Swift EC5R,26,39,"Vol. III, p. 25",
2026-03-17,PS I - LAKWAR Prepared Slides for Microbiology,Pinus sp.,Pine,"Pine, young staminate cone, L.S.",,,PS-LAK-044-004.png,PS-LAK-044-004,IN-2026-008,"Ernst Leitz, Wetzlar, 1912, Stand II",No. 3,10,Swift EC5R,26,39,"Vol. III, p. 25",
2026-03-17,PS I - LAKWAR Prepared Slides for Microbiology,Pinus sp.,Pine,"Pine, young staminate cone, L.S.",,,PS-LAK-044-005.png,PS-LAK-044-005,IN-2026-008,"Ernst Leitz, Wetzlar, 1912, Stand II",No. 3,10,Swift EC5R,26,39,"Vol. III, p. 25",
2026-03-17,PS I - LAKWAR Prepared Slides for Microbiology,Volvox sp.,Volvox,"Volvox, W.M., focal series",,,PS-LAK-051-001.png,PS-LAK-051-001,IN-2026-008,"Ernst Leitz, Wetzlar, 1912, Stand II",No. 3,10,Swift EC5R,26,39,"Vol. III, p. 25",
2026-03-17,PS I - LAKWAR Prepared Slides for Microbiology,Volvox sp.,Volvox,"Volvox, W.M., focal series",,,PS-LAK-051-002.png,PS-LAK-051-002,IN-2026-008,"Ernst Leitz, Wetzlar, 1912, Stand II",No. 3,10,Swift EC5R,26,39,"Vol. III, p. 25",
2026-03-17,PS I - LAKWAR Prepared Slides for Microbiology,Volvox sp.,Volvox,"Volvox, W.M., focal series",,,PS-LAK-051-003.png,PS-LAK-051-003,IN-2026-008,"Ernst Leitz, Wetzlar, 1912, Stand II",No. 3,10,Swift EC5R,26,39,"Vol. III, p. 25",
2026-03-17,PS I - LAKWAR Prepared Slides for Microbiology,Volvox sp.,Volvox,"Volvox, W.M., focal series",,,PS-LAK-051-004.png,PS-LAK-051-004,IN-2026-008,"Ernst Leitz, Wetzlar, 1912, Stand II",No. 3,10,Swift EC5R,26,39,"Vol. III, p. 25",
2026-03-17,PS I - LAKWAR Prepared Slides for Microbiology,Volvox sp.,Volvox,"Volvox, W.M., focus merge",,,PS-LAK-051-005.png,PS-LAK-051-005,IN-2026-008,"Ernst Leitz, Wetzlar, 1912, Stand II",No. 3,10,Swift EC5R,26,39,"Vol. III, p. 25",
2026-03-17,PS I - LAKWAR Prepared Slides for Microbiology,Hydra sp.,Hydra,"Hydra, T.S.",,,PS-LAK-052-001.png,PS-LAK-052-001,IN-2026-008,"Ernst Leitz, Wetzlar, 1912, Stand II",No. 3,10,Swift EC5R,26,39,"Vol. III, p. 25",
2026-03-17,PS I - LAKWAR Prepared Slides for Microbiology,Taenia pisiformis,Rabbit tapeworm,"Taenia pisiformis, section",,,PS-LAK-054-001.png,PS-LAK-054-001,IN-2026-008,"Ernst Leitz, Wetzlar, 1912, Stand II",No. 3,10,Swift EC5R,26,39,"Vol. III, p. 25",
2026-03-17,PS I - LAKWAR Prepared Slides for Microbiology,Taenia pisiformis,Rabbit tapeworm,"Taenia pisiformis, section",,,PS-LAK-054-002.png,PS-LAK-054-002,IN-2026-008,"Ernst Leitz, Wetzlar, 1912, Stand II",No. 3,10,Swift EC5R,26,39,"Vol. III, p. 25",
2026-03-17,PS I - LAKWAR Prepared Slides for Microbiology,Taenia pisiformis,Rabbit tapeworm,"Taenia pisiformis, section",,,PS-LAK-054-003.png,PS-LAK-054-003,IN-2026-008,"Ernst Leitz, Wetzlar, 1912, Stand II",No. 3,10,Swift EC5R,26,39,"Vol. III, p. 25",
2026-03-17,PS I - LAKWAR Prepared Slides for Microbiology,Taenia pisiformis,Rabbit tapeworm,"Taenia pisiformis, section",,,PS-LAK-054-004.png,PS-LAK-054-004,IN-2026-008,"Ernst Leitz, Wetzlar, 1912, Stand II",No. 3,10,Swift EC5R,26,39,"Vol. III, p. 25",
2026-03-17,PS I - LAKWAR Prepared Slides for Microbiology,Taenia pisiformis,Rabbit tapeworm,"Taenia pisiformis, section",,,PS-LAK-054-005.png,PS-LAK-054-005,IN-2026-008,"Ernst Leitz, Wetzlar, 1912, Stand II",No. 3,10,Swift EC5R,26,39,"Vol. III, p. 25",
2026-03-17,PS I - LAKWAR Prepared Slides for Microbiology,Taenia pisiformis,Rabbit tapeworm,"Taenia pisiformis, section",,,PS-LAK-054-006.png,PS-LAK-054-006,IN-2026-008,"Ernst Leitz, Wetzlar, 1912, Stand II",No. 3,10,Swift EC5R,26,39,"Vol. III, p. 25",
2026-03-17,PS I - LAKWAR Prepared Slides for Microbiology,Taenia pisiformis,Rabbit tapeworm,"Taenia pisiformis, section",,,PS-LAK-054-007.png,PS-LAK-054-007,IN-2026-008,"Ernst Leitz, Wetzlar, 1912, Stand II",No. 3,10,Swift EC5R,26,39,"Vol. III, p. 25",
2026-03-17,PS I - LAKWAR Prepared Slides for Microbiology,Taenia pisiformis,Rabbit tapeworm,"Taenia pisiformis, section",,,PS-LAK-054-008.png,PS-LAK-054-008,IN-2026-008,"Ernst Leitz, Wetzlar, 1912, Stand II",No. 3,10,Swift EC5R,26,39,"Vol. III, p. 25",
2026-03-17,PS I - LAKWAR Prepared Slides for Microbiology,,Worm,"Male worm, T.S.",,,PS-LAK-055-001.png,PS-LAK-055-001,IN-2026-008,"Ernst Leitz, Wetzlar, 1912, Stand II",No. 3,10,Swift EC5R,26,39,"Vol. III, p. 25",
2026-03-17,PS I - LAKWAR Prepared Slides for Microbiology,,Worm,"Male worm, T.S.",,,PS-LAK-055-002.png,PS-LAK-055-002,IN-2026-008,"Ernst Leitz, Wetzlar, 1912, Stand II",No. 3,10,Swift EC5R,26,39,"Vol. III, p. 25",
2026-03-17,PS I - LAKWAR Prepared Slides for Microbiology,,Worm,"Male worm, T.S.",,,PS-LAK-055-003.png,PS-LAK-055-003,IN-2026-008,"Ernst Leitz, Wetzlar, 1912, Stand II",No. 3,10,Swift EC5R,26,39,"Vol. III, p. 25",
2026-03-17,PS I - LAKWAR Prepared Slides for Microbiology,,Worm,"Male worm, T.S.",,,PS-LAK-055-004.png,PS-LAK-055-004,IN-2026-008,"Ernst Leitz, Wetzlar, 1912, Stand II",No. 3,10,Swift EC5R,26,39,"Vol. III, p. 25",
2026-03-17,PS I - LAKWAR Prepared Slides for Microbiology,,Worm,"Female worm, T.S.",,,PS-LAK-056-001.png,PS-LAK-056-001,IN-2026-008,"Ernst Leitz, Wetzlar, 1912, Stand II",No. 3,10,Swift EC5R,26,39,"Vol. III, p. 25",
2026-03-17,PS I - LAKWAR Prepared Slides for Microbiology,,Worm,"Female worm, T.S.",,,PS-LAK-056-002.png,PS-LAK-056-002,IN-2026-008,"Ernst Leitz, Wetzlar, 1912, Stand II",No. 3,10,Swift EC5R,26,39,"Vol. III, p. 25",
2026-03-17,PS I - LAKWAR Prepared Slides for Microbiology,,Worm,"Female worm, T.S.",,,PS-LAK-056-003.png,PS-LAK-056-003,IN-2026-008,"Ernst Leitz, Wetzlar, 1912, Stand II",No. 3,10,Swift EC5R,26,39,"Vol. III, p. 25",
2026-03-17,PS I - LAKWAR Prepared Slides for Microbiology,,Worm,"Female worm, T.S.",,,PS-LAK-056-004.png,PS-LAK-056-004,IN-2026-008,"Ernst Leitz, Wetzlar, 1912, Stand II",No. 3,10,Swift EC5R,26,39,"Vol. III, p. 25",
2026-03-17,PS I - LAKWAR Prepared Slides for Microbiology,,Worm,"Female worm, T.S.",,,PS-LAK-056-005.png,PS-LAK-056-005,IN-2026-008,"Ernst Leitz, Wetzlar, 1912, Stand II",No. 3,10,Swift EC5R,26,39,"Vol. III, p. 25",
2026-03-17,PS I - LAKWAR Prepared Slides for Microbiology,,Worm,"Female worm, T.S.",,,PS-LAK-056-006.png,PS-LAK-056-006,IN-2026-008,"Ernst Leitz, Wetzlar, 1912, Stand II",No. 3,10,Swift EC5R,26,39,"Vol. III, p. 25",
2026-03-17,PS I - LAKWAR Prepared Slides for Microbiology,Hirudo sp.,Medicinal leech,"Hirudo, T.S.",,,PS-LAK-057-001.png,PS-LAK-057-001,IN-2026-008,"Ernst Leitz, Wetzlar, 1912, Stand II",No. 3,10,Swift EC5R,26,39,"Vol. III, p. 25",
2026-03-17,PS I - LAKWAR Prepared Slides for Microbiology,Hirudo sp.,Medicinal leech,"Hirudo, T.S.",,,PS-LAK-057-002.png,PS-LAK-057-002,IN-2026-008,"Ernst Leitz, Wetzlar, 1912, Stand II",No. 3,10,Swift EC5R,26,39,"Vol. III, p. 25",
2026-03-17,PS I - LAKWAR Prepared Slides for Microbiology,Hirudo sp.,Medicinal leech,"Hirudo, T.S.",,,PS-LAK-057-003.png,PS-LAK-057-003,IN-2026-008,"Ernst Leitz, Wetzlar, 1912, Stand II",No. 3,10,Swift EC5R,26,39,"Vol. III, p. 25",
2026-03-17,PS I - LAKWAR Prepared Slides for Microbiology,Hirudo sp.,Medicinal leech,"Hirudo, T.S.",,,PS-LAK-057-004.png,PS-LAK-057-004,IN-2026-008,"Ernst Leitz, Wetzlar, 1912, Stand II",No. 3,10,Swift EC5R,26,39,"Vol. III, p. 25",
2026-03-18,SI I - Dormant and Elementary Forms,Xanthoria parietina,Common orange lichen,"Xanthoria parietina, W.M.",,,SI-I-001.png,SI-I-001,IN-2026-003,"Ernst Leitz, Wetzlar, 1912, Stand II",No. 3,10,Swift EC5R,26,39,"Vol. III, p. 35",
2026-03-18,SI I - Dormant and Elementary Forms,Xanthoria parietina,Common orange lichen,"Xanthoria parietina, W.M.",,,SI-I-002.png,SI-I-002,IN-2026-003,"Ernst Leitz, Wetzlar, 1912, Stand II",No. 3,10,Swift EC5R,26,39,"Vol. III, p. 35",
2026-03-18,SI I - Dormant and Elementary Forms,Xanthoria parietina,Common orange lichen,"Xanthoria parietina, W.M.",,,SI-I-003.png,SI-I-003,IN-2026-003,"Ernst Leitz, Wetzlar, 1912, Stand II",No. 3,10,Swift EC5R,26,39,"Vol. III, p. 35",
2026-03-18,SI I - Dormant and Elementary Forms,Xanthoria parietina,Common orange lichen,"Xanthoria parietina, W.M.",,,SI-I-004.png,SI-I-004,IN-2026-003,"Ernst Leitz, Wetzlar, 1912, Stand II",No. 3,10,Swift EC5R,26,39,"Vol. III, p. 35",
2026-03-18,SI I - Dormant and Elementary Forms,Xanthoria parietina,Common orange lichen,"Xanthoria parietina, W.M, focus merge",,,SI-I-005.png,SI-I-005,IN-2026-003,"Ernst Leitz, Wetzlar, 1912, Stand II",No. 3,10,Swift EC5R,26,39,"Vol. III, p. 35",
2026-03-18,SI I - Dormant and Elementary Forms,Xanthoria parietina,Common orange lichen,"Xanthoria parietina, W.M, focus merge",,,SI-I-006.png,SI-I-006,IN-2026-003,"Ernst Leitz, Wetzlar, 1912, Stand II",No. 3,10,Swift EC5R,26,39,"Vol. III, p. 35",
2026-03-18,SI II - Support and Conduction,Hypnum cupressiforme,Cypress-leaved plait-moss,"Hypnum cupressiforme, W.M.",,SU 508 972,SI-II-004.png,SI-II-004,IN-2026-004,"Ernst Leitz, Wetzlar, 1912, Stand II",No. 3,10,Swift EC5R,26,39,"Vol. III, p. 39",
2026-03-18,SI II - Support and Conduction,Hypnum cupressiforme,Cypress-leaved plait-moss,"Hypnum cupressiforme, W.M.",,SU 508 972,SI-II-005.png,SI-II-005,IN-2026-004,"Ernst Leitz, Wetzlar, 1912, Stand II",No. 3,10,Swift EC5R,26,39,"Vol. III, p. 39",
2026-03-18,SI II - Support and Conduction,Hypnum cupressiforme,Cypress-leaved plait-moss,"Hypnum cupressiforme, W.M., focus merge",,SU 508 972,SI-II-006.png,SI-II-006,IN-2026-004,"Ernst Leitz, Wetzlar, 1912, Stand II",No. 3,10,Swift EC5R,26,39,"Vol. III, p. 39",
2026-03-18,SI II - Support and Conduction,Hypnum cupressiforme,Cypress-leaved plait-moss,"Hypnum cupressiforme, W.M., focus merge",,SU 508 972,SI-II-007.png,SI-II-007,IN-2026-004,"Ernst Leitz, Wetzlar, 1912, Stand II",No. 3,10,Swift EC5R,26,39,"Vol. III, p. 39",
2026-03-18,SI VI - Minor Animal Structure,Musca domestica,House Fly,"House fly wing, W.M.",,,SI-VI-001.png,SI-VI-001,IN-2026-005,"Ernst Leitz, Wetzlar, 1912, Stand II",No. 3,10,Swift EC5R,26,39,"Vol. III, p. 43",
2026-03-18,SI VI - Minor Animal Structure,Musca domestica,House Fly,"House fly wing, W.M.",,,SI-VI-002.png,SI-VI-002,IN-2026-005,"Ernst Leitz, Wetzlar, 1912, Stand II",No. 3,10,Swift EC5R,26,39,"Vol. III, p. 43",
2026-03-18,SI VI - Minor Animal Structure,Musca domestica,House Fly,"House fly wing, W.M.",,,SI-VI-003.png,SI-VI-003,IN-2026-005,"Ernst Leitz, Wetzlar, 1912, Stand II",No. 3,10,Swift EC5R,26,39,"Vol. III, p. 43",
2026-03-18,SI VI - Minor Animal Structure,Musca domestica,House Fly,"House fly wing, W.M.",,,SI-VI-004.png,SI-VI-004,IN-2026-005,"Ernst Leitz, Wetzlar, 1912, Stand II",No. 3,10,Swift EC5R,26,39,"Vol. III, p. 43",
2026-03-18,SI VI - Minor Animal Structure,Musca domestica,House Fly,"House fly wing, W.M., focus merge",,,SI-VI-005.png,SI-VI-005,IN-2026-005,"Ernst Leitz, Wetzlar, 1912, Stand II",No. 3,10,Swift EC5R,26,39,"Vol. III, p. 43",
2026-03-18,SI VI - Minor Animal Structure,Musca domestica,House Fly,"House fly wing, W.M., focus merge",,,SI-VI-006.png,SI-VI-006,IN-2026-005,"Ernst Leitz, Wetzlar, 1912, Stand II",No. 3,10,Swift EC5R,26,39,"Vol. III, p. 43",
2026-03-18,SI VI - Minor Animal Structure,Musca domestica,House Fly,"House fly wing, W.M., focus merge",,,SI-VI-007.png,SI-VI-007,IN-2026-005,"Ernst Leitz, Wetzlar, 1912, Stand II",No. 3,10,Swift EC5R,26,39,"Vol. III, p. 43",
2026-03-18,SI VI - Minor Animal Structure,Musca domestica,House Fly,"House fly wing, W.M., focus merge",,,SI-VI-008.png,SI-VI-008,IN-2026-005,"Ernst Leitz, Wetzlar, 1912, Stand II",No. 3,10,Swift EC5R,26,39,"Vol. III, p. 43",
2026-03-21,SI II - Support and Conduction,Hedera helix,Common ivy,"Hedera helix stem, T.S.",,,SI-II-008.png,SI-II-008,IN-2026-006,"Ernst Leitz, Wetzlar, 1912, Stand II",No. 3,10,Swift EC5R,26,39,"Vol. IV, p. 5",
2026-03-21,SI II - Support and Conduction,Hedera helix,Common ivy,"Hedera helix stem, T.S.",,,SI-II-009.png,SI-II-009,IN-2026-006,"Ernst Leitz, Wetzlar, 1912, Stand II",No. 3,10,Swift EC5R,26,39,"Vol. IV, p. 5",
2026-03-21,SI II - Support and Conduction,Hedera helix,Common ivy,"Hedera helix stem, T.S.",,,SI-II-010.png,SI-II-010,IN-2026-006,"Ernst Leitz, Wetzlar, 1912, Stand II",No. 3,10,Swift EC5R,26,39,"Vol. IV, p. 5",
2026-03-21,SI II - Support and Conduction,Hedera helix,Common ivy,"Hedera helix stem, T.S.",,,SI-II-011.png,SI-II-011,IN-2026-006,"Ernst Leitz, Wetzlar, 1912, Stand II",No. 3,10,Swift EC5R,26,39,"Vol. IV, p. 5",
2026-03-21,SI II - Support and Conduction,Hedera helix,Common ivy,"Hedera helix stem, T.S.",,,SI-II-012.png,SI-II-012,IN-2026-006,"Ernst Leitz, Wetzlar, 1912, Stand II",No. 3,10,Swift EC5R,26,39,"Vol. IV, p. 5",
2026-03-23,SI II - Support and Conduction,Galium aparine,Common cleavers,"Galium aparine stem, T.S.",,,SI-II-013.png,SI-II-013,IN-2026-001,"Ernst Leitz, Wetzlar, 1912, Stand II",No. 3,10,Swift EC5R,26,39,"Vol. IV, p. 10",
2026-03-23,SI II - Support and Conduction,Galium aparine,Common cleavers,"Galium aparine stem, T.S.",,,SI-II-014.png,SI-II-014,IN-2026-001,"Ernst Leitz, Wetzlar, 1912, Stand II",No. 3,10,Swift EC5R,26,39,"Vol. IV, p. 10",
2026-03-23,SI II - Support and Conduction,Galium aparine,Common cleavers,"Galium aparine stem, T.S.",,,SI-II-015.png,SI-II-015,IN-2026-001,"Ernst Leitz, Wetzlar, 1912, Stand II",No. 3,10,Swift EC5R,26,39,"Vol. IV, p. 10",
2026-03-23,SI II - Support and Conduction,Galium aparine,Common cleavers,"Galium aparine stem, T.S.",,,SI-II-016.png,SI-II-016,IN-2026-001,"Ernst Leitz, Wetzlar, 1912, Stand II",No. 3,10,Swift EC5R,26,39,"Vol. IV, p. 10",
2026-03-23,SI II - Support and Conduction,Galium aparine,Common cleavers,"Galium aparine stem, T.S.",,,SI-II-017.png,SI-II-017,IN-2026-001,"Ernst Leitz, Wetzlar, 1912, Stand II",No. 3,10,Swift EC5R,26,39,"Vol. IV, p. 10",
2026-03-23,SI II - Support and Conduction,Galium aparine,Common cleavers,"Galium aparine stem, T.S., focus merge",,,SI-II-018.png,SI-II-018,IN-2026-001,"Ernst Leitz, Wetzlar, 1912, Stand II",No. 3,10,Swift EC5R,26,39,"Vol. IV, p. 10",
2026-03-23,SI II - Support and Conduction,Taraxacum officinale,Dandelion,"Taraxacum officinale stem, T.S.",,,SI-II-019.png,SI-II-019,IN-2026-002,"Ernst Leitz, Wetzlar, 1912, Stand II",No. 3,10,Swift EC5R,26,39,"Vol. IV, p. 13",
2026-03-23,SI II - Support and Conduction,Taraxacum officinale,Dandelion,"Taraxacum officinale stem, T.S.",,,SI-II-020.png,SI-II-020,IN-2026-002,"Ernst Leitz, Wetzlar, 1912, Stand II",No. 3,10,Swift EC5R,26,39,"Vol. IV, p. 13",
2026-03-23,SI II - Support and Conduction,Taraxacum officinale,Dandelion,"Taraxacum officinale stem, T.S.",,,SI-II-021.png,SI-II-021,IN-2026-002,"Ernst Leitz, Wetzlar, 1912, Stand II",No. 3,10,Swift EC5R,26,39,"Vol. IV, p. 13",
2026-03-23,SI II - Support and Conduction,Taraxacum officinale,Dandelion,"Taraxacum officinale stem, T.S.",,,SI-II-022.png,SI-II-022,IN-2026-002,"Ernst Leitz, Wetzlar, 1912, Stand II",No. 3,10,Swift EC5R,26,39,"Vol. IV, p. 13",
2026-03-23,SI III - Reproductive Elements,Salix caprea,Pussy willow,"Salix caprea pollen, W.M.",,SU 508 972,SI-III-007.png,SI-III-007,IN-2026-007,"Ernst Leitz, Wetzlar, 1912, Stand II",No. 3,10,Swift EC5R,26,39,"Vol. IV, p. 18",Unhydrated
2026-03-23,SI III - Reproductive Elements,Salix caprea,Pussy willow,"Salix caprea pollen, W.M.",,SU 508 972,SI-III-008.png,SI-III-008,IN-2026-007,"Ernst Leitz, Wetzlar, 1912, Stand II",No. 3,10,Swift EC5R,26,39,"Vol. IV, p. 18",Unhydrated
2026-03-23,SI III - Reproductive Elements,Salix caprea,Pussy willow,"Salix caprea pollen, W.M.",,SU 508 972,SI-III-009.png,SI-III-009,IN-2026-007,"Ernst Leitz, Wetzlar, 1912, Stand II",No. 3,10,Swift EC5R,26,39,"Vol. IV, p. 18",Hydrated
2026-03-23,SI III - Reproductive Elements,Salix caprea,Pussy willow,"Salix caprea pollen hydration sequence, W.M.",,SU 508 972,SI-III-010.mp4,SI-III-010,IN-2026-007,"Ernst Leitz, Wetzlar, 1912, Stand II",No. 3,10,Swift EC5R,26,39,"Vol. IV, p. 18",On addition of water
2026-03-24,SI II - Support and Conduction,Galium aparine,Common cleavers,"Galium aparine stem, T.S.",,,SI-II-023.png,SI-II-023,IN-2026-001,"Ernst Leitz, Wetzlar, 1912, Stand II",No. 3,10,Swift EC5R,26,39,"Vol. IV, p. 23",
2026-03-24,SI II - Support and Conduction,Galium aparine,Common cleavers,"Galium aparine stem, T.S.",,,SI-II-024.png,SI-II-024,IN-2026-001,"Ernst Leitz, Wetzlar, 1912, Stand II",No. 3,10,Swift EC5R,26,39,"Vol. IV, p. 23",
2026-03-24,SI II - Support and Conduction,Galium aparine,Common cleavers,"Galium aparine stem, T.S.",,,SI-II-025.png,SI-II-025,IN-2026-001,"Ernst Leitz, Wetzlar, 1912, Stand II",No. 3,10,Swift EC5R,26,39,"Vol. IV, p. 23",
2026-03-24,SI II - Support and Conduction,Galium aparine,Common cleavers,"Galium aparine stem, T.S.",,,SI-II-026.png,SI-II-026,IN-2026-001,"Ernst Leitz, Wetzlar, 1912, Stand II",No. 3,10,Swift EC5R,26,39,"Vol. IV, p. 23",
2026-03-24,SI II - Support and Conduction,Galium aparine,Common cleavers,"Galium aparine stem, T.S.",,,SI-II-027.png,SI-II-027,IN-2026-001,"Ernst Leitz, Wetzlar, 1912, Stand II",No. 3,10,Swift EC5R,26,39,"Vol. IV, p. 23",
2026-03-24,SI II - Support and Conduction,Galium aparine,Common cleavers,"Galium aparine stem, T.S.",,,SI-II-028.png,SI-II-028,IN-2026-001,"Ernst Leitz, Wetzlar, 1912, Stand II",No. 3,10,Swift EC5R,26,39,"Vol. IV, p. 23",
2026-03-24,SI II - Support and Conduction,Taraxacum officinale,Dandelion,"Taraxacum officinale stem, T.S.",,,SI-II-029.png,SI-II-029,IN-2026-002,"Ernst Leitz, Wetzlar, 1912, Stand II",No. 3,10,Swift EC5R,26,39,"Vol. IV, p. 26",
2026-03-24,SI II - Support and Conduction,Taraxacum officinale,Dandelion,"Taraxacum officinale stem, T.S.",,,SI-II-030.png,SI-II-030,IN-2026-002,"Ernst Leitz, Wetzlar, 1912, Stand II",No. 3,10,Swift EC5R,26,39,"Vol. IV, p. 26",
2026-03-24,SI II - Support and Conduction,Taraxacum officinale,Dandelion,"Taraxacum officinale stem, T.S., focus merge",,,SI-II-031.png,SI-II-031,IN-2026-002,"Ernst Leitz, Wetzlar, 1912, Stand II",No. 3,10,Swift EC5R,26,39,"Vol. IV, p. 26",
2026-03-28,SI IX - Ad-Hoc Investigations,Homo sapiens,Human,"Human Blood Smear, W.M.",,SU 513 984,SI-IX-001.png,SI-IX-001,IN-2026-009,"Ernst Leitz, Wetzlar, 1912, Stand II",No. 6,40,Swift EC5R,26,39,"Vol. IV, p. 28",
2026-03-28,SI IX - Ad-Hoc Investigations,Homo sapiens,Human,"Human Blood Smear, W.M.",,SU 513 984,SI-IX-002.png,SI-IX-002,IN-2026-009,"Ernst Leitz, Wetzlar, 1912, Stand II",No. 6,40,Swift EC5R,26,39,"Vol. IV, p. 28",
2026-03-28,SI IX - Ad-Hoc Investigations,Homo sapiens,Human,"Human Blood Smear, W.M.",,SU 513 984,SI-IX-003.png,SI-IX-003,IN-2026-009,"Ernst Leitz, Wetzlar, 1912, Stand II",No. 6,40,Swift EC5R,26,39,"Vol. IV, p. 28",
2026-03-28,SI IX - Ad-Hoc Investigations,Homo sapiens,Human,"Human Blood Smear, W.M.",,SU 513 984,SI-IX-004.png,SI-IX-004,IN-2026-009,"Ernst Leitz, Wetzlar, 1912, Stand II",No. 6,40,Swift EC5R,26,39,"Vol. IV, p. 28",
2026-03-28,SI IX - Ad-Hoc Investigations,Homo sapiens,Human,"Human Blood Smear, W.M.",,SU 513 984,SI-IX-005.png,SI-IX-005,IN-2026-009,"Ernst Leitz, Wetzlar, 1912, Stand II",No. 3,10,Swift EC5R,26,39,"Vol. IV, p. 28",
2026-03-28,SI II - Support and Conduction,Bellis perennis,Daisy,"Bellis perennis stem, T.S.",,SU 513 984,SI-II-032.png,SI-II-032,IN-2026-010,"Ernst Leitz, Wetzlar, 1912, Stand II",No. 3,10,Swift EC5R,26,39,"Vol. IV, p. 31",
2026-03-28,SI II - Support and Conduction,Bellis perennis,Daisy,"Bellis perennis stem, T.S.",,SU 513 984,SI-II-033.png,SI-II-033,IN-2026-010,"Ernst Leitz, Wetzlar, 1912, Stand II",No. 3,10,Swift EC5R,26,39,"Vol. IV, p. 31",
2026-03-28,SI II - Support and Conduction,Bellis perennis,Daisy,"Bellis perennis stem, T.S.",,SU 513 984,SI-II-034.png,SI-II-034,IN-2026-010,"Ernst Leitz, Wetzlar, 1912, Stand II",No. 3,10,Swift EC5R,26,39,"Vol. IV, p. 31",
2026-03-28,SI II - Support and Conduction,Bellis perennis,Daisy,"Bellis perennis stem, T.S.",,SU 513 984,SI-II-035.png,SI-II-035,IN-2026-010,"Ernst Leitz, Wetzlar, 1912, Stand II",No. 3,10,Swift EC5R,26,39,"Vol. IV, p. 31",
2026-03-28,SI II - Support and Conduction,Bellis perennis,Daisy,"Bellis perennis stem, T.S.",,SU 513 984,SI-II-036.png,SI-II-036,IN-2026-010,"Ernst Leitz, Wetzlar, 1912, Stand II",No. 3,10,Swift EC5R,26,39,"Vol. IV, p. 31",
2026-03-28,SI II - Support and Conduction,Bellis perennis,Daisy,"Bellis perennis stem, T.S.",,SU 513 984,SI-II-037.png,SI-II-037,IN-2026-010,"Ernst Leitz, Wetzlar, 1912, Stand II",No. 3,10,Swift EC5R,26,39,"Vol. IV, p. 31",
2026-03-28,SI II - Support and Conduction,Bellis perennis,Daisy,"Bellis perennis stem, T.S.",,SU 513 984,SI-II-038.png,SI-II-038,IN-2026-010,"Ernst Leitz, Wetzlar, 1912, Stand II",No. 3,10,Swift EC5R,26,39,"Vol. IV, p. 31",
2026-03-28,SI III - Reproductive Elements,Bellis perennis,Daisy,"Bellis perennis petal, W.M.",,SU 513 984,SI-III-011.png,SI-III-011,IN-2026-011,"Ernst Leitz, Wetzlar, 1912, Stand II",No. 3,10,Swift EC5R,26,39,"Vol. IV, p. 34",
2026-03-28,SI III - Reproductive Elements,Bellis perennis,Daisy,"Bellis perennis petal, W.M.",,SU 513 984,SI-III-012.png,SI-III-012,IN-2026-011,"Ernst Leitz, Wetzlar, 1912, Stand II",No. 3,10,Swift EC5R,26,39,"Vol. IV, p. 34",
2026-03-28,SI III - Reproductive Elements,Bellis perennis,Daisy,"Bellis perennis petal, W.M.",,SU 513 984,SI-III-013.png,SI-III-013,IN-2026-011,"Ernst Leitz, Wetzlar, 1912, Stand II",No. 3,10,Swift EC5R,26,39,"Vol. IV, p. 34",
2026-03-28,SI III - Reproductive Elements,Bellis perennis,Daisy,"Bellis perennis petal, W.M.",,SU 513 984,SI-III-014.png,SI-III-014,IN-2026-011,"Ernst Leitz, Wetzlar, 1912, Stand II",No. 3,10,Swift EC5R,26,39,"Vol. IV, p. 34",
2026-03-28,SI III - Reproductive Elements,Bellis perennis,Daisy,"Bellis perennis petal, W.M.",,SU 513 984,SI-III-015.png,SI-III-015,IN-2026-011,"Ernst Leitz, Wetzlar, 1912, Stand II",No. 3,10,Swift EC5R,26,39,"Vol. IV, p. 34",
2026-03-28,SI III - Reproductive Elements,Bellis perennis,Daisy,"Bellis perennis petal, W.M.",,SU 513 984,SI-III-016.png,SI-III-016,IN-2026-011,"Ernst Leitz, Wetzlar, 1912, Stand II",No. 3,10,Swift EC5R,26,39,"Vol. IV, p. 34",
2026-03-30,SI 0 - Elementary Discipline in the use of the Microscope,Bellis perennis,Daisy,"Bellis perennis, T.S.",Eosin | Methylene Blue,SU 513 984,SI-0-001.png,SI-0-001,IN-2026-012,"Ernst Leitz, Wetzlar, 1912, Stand II",No. 3,10,Swift EC5R,26,39,"Vol. IV, p. 38",
2026-03-30,SI 0 - Elementary Discipline in the use of the Microscope,Bellis perennis,Daisy,"Bellis perennis, T.S.",Eosin | Methylene Blue,SU 513 984,SI-0-002.png,SI-0-002,IN-2026-012,"Ernst Leitz, Wetzlar, 1912, Stand II",No. 3,10,Swift EC5R,26,39,"Vol. IV, p. 38",
2026-03-30,SI 0 - Elementary Discipline in the use of the Microscope,Bellis perennis,Daisy,"Bellis perennis, trichome, isolated from stem T.S.",Eosin | Methylene Blue,SU 513 984,SI-0-003.png,SI-0-003,IN-2026-012,"Ernst Leitz, Wetzlar, 1912, Stand II",No. 3,10,Swift EC5R,26,39,"Vol. IV, p. 38",
2026-03-30,SI 0 - Elementary Discipline in the use of the Microscope,Bellis perennis,Daisy,"Bellis perennis, stem T.S., inner cortex and vascular bundle region",Eosin | Methylene Blue,SU 513 984,SI-0-004.png,SI-0-004,IN-2026-012,"Ernst Leitz, Wetzlar, 1912, Stand II",No. 3,10,Swift EC5R,26,39,"Vol. IV, p. 38",
2026-03-30,SI 0 - Elementary Discipline in the use of the Microscope,Bellis perennis,Daisy,"Bellis perennis, stem T.S., outer region",Eosin | Methylene Blue,SU 513 984,SI-0-005.png,SI-0-005,IN-2026-012,"Ernst Leitz, Wetzlar, 1912, Stand II",No. 3,10,Swift EC5R,26,39,"Vol. IV, p. 38",
2026-03-30,SI 0 - Elementary Discipline in the use of the Microscope,Bellis perennis,Daisy,"Bellis perennis, stem T.S., inner cortex",Eosin | Methylene Blue,SU 513 984,SI-0-006.png,SI-0-006,IN-2026-012,"Ernst Leitz, Wetzlar, 1912, Stand II",No. 3,10,Swift EC5R,26,39,"Vol. IV, p. 38",
2026-03-30,SI 0 - Elementary Discipline in the use of the Microscope,Bellis perennis,Daisy,"Bellis perennis, trichome, isolated from stem T.S.",Eosin | Methylene Blue,SU 513 984,SI-0-007.png,SI-0-007,IN-2026-012,"Ernst Leitz, Wetzlar, 1912, Stand II",No. 3,10,Swift EC5R,26,39,"Vol. IV, p. 38",
2026-03-30,SI 0 - Elementary Discipline in the use of the Microscope,Bellis perennis,Daisy,"Bellis perennis, stem T.S., outer region",Eosin | Methylene Blue,SU 513 984,SI-0-008.png,SI-0-008,IN-2026-012,"Ernst Leitz, Wetzlar, 1912, Stand II",No. 3,10,Swift EC5R,26,39,"Vol. IV, p. 38",
2026-03-30,SI 0 - Elementary Discipline in the use of the Microscope,Bellis perennis,Daisy,"Bellis perennis, stem T.S., outer region",Eosin | Methylene Blue,SU 513 984,SI-0-009.png,SI-0-009,IN-2026-012,"Ernst Leitz, Wetzlar, 1912, Stand II",No. 3,10,Swift EC5R,26,39,"Vol. IV, p. 38",
2026-03-30,SI 0 - Elementary Discipline in the use of the Microscope,Bellis perennis,Daisy,"Bellis perennis, stem T.S., outer region",Eosin | Methylene Blue,SU 513 984,SI-0-010.png,SI-0-010,IN-2026-012,"Ernst Leitz, Wetzlar, 1912, Stand II",No. 3,10,Swift EC5R,26,39,"Vol. IV, p. 38",
2026-03-30,SI 0 - Elementary Discipline in the use of the Microscope,Bellis perennis,Daisy,"Bellis perennis, stem T.S, outer region",Eosin | Methylene Blue,SU 513 984,SI-0-011.png,SI-0-011,IN-2026-012,"Ernst Leitz, Wetzlar, 1912, Stand II",No. 3,10,Swift EC5R,26,39,"Vol. IV, p. 38",
2026-03-30,SI 0 - Elementary Discipline in the use of the Microscope,Bellis perennis,Daisy,"Bellis perennis, stem T.S, outer region",Eosin | Methylene Blue,SU 513 984,SI-0-012.png,SI-0-012,IN-2026-012,"Ernst Leitz, Wetzlar, 1912, Stand II",No. 3,10,Swift EC5R,26,39,"Vol. IV, p. 38",
2026-03-31,SI II - Support and Conduction,Lamium purpureum,Red Dead-Nettle,"Lamium purpureum stem, T.S., outer region",,SU 513 984,SI-II-039.png,SI-II-039,IN-2026-013,"Ernst Leitz, Wetzlar, 1912, Stand II",No. 3,10,Swift EC5R,26,39,"Vol. IV, p. 42",
2026-03-31,SI II - Support and Conduction,Lamium purpureum,Red Dead-Nettle,"Lamium purpureum stem, T.S., outer region",,SU 513 984,SI-II-040.png,SI-II-040,IN-2026-013,"Ernst Leitz, Wetzlar, 1912, Stand II",No. 3,10,Swift EC5R,26,39,"Vol. IV, p. 42",
2026-03-31,SI II - Support and Conduction,Lamium purpureum,Red Dead-Nettle,"Lamium purpureum stem, T.S., overview",,SU 513 984,SI-II-041.png,SI-II-041,IN-2026-013,"Ernst Leitz, Wetzlar, 1912, Stand II",No. 3,10,Swift EC5R,26,39,"Vol. IV, p. 42",
2026-03-31,SI II - Support and Conduction,Lamium purpureum,Red Dead-Nettle,"Lamium purpureum stem, T.S., outer region",,SU 513 984,SI-II-042.png,SI-II-042,IN-2026-013,"Ernst Leitz, Wetzlar, 1912, Stand II",No. 3,10,Swift EC5R,26,39,"Vol. IV, p. 42",
2026-03-31,SI II - Support and Conduction,Lamium purpureum,Red Dead-Nettle,"Lamium purpureum stem, T.S., detail",,SU 513 984,SI-II-043.png,SI-II-043,IN-2026-013,"Ernst Leitz, Wetzlar, 1912, Stand II",No. 3,10,Swift EC5R,26,39,"Vol. IV, p. 42",
2026-03-31,SI II - Support and Conduction,Lamium purpureum,Red Dead-Nettle,"Lamium purpureum stem, T.S., overview",Eosin | Methylene Blue,SU 513 984,SI-II-044.png,SI-II-044,IN-2026-013,"Ernst Leitz, Wetzlar, 1912, Stand II",No. 3,10,Swift EC5R,26,39,"Vol. IV, p. 42",
2026-03-31,SI II - Support and Conduction,Lamium purpureum,Red Dead-Nettle,"Lamium purpureum stem, T.S., outer region",Eosin | Methylene Blue,SU 513 984,SI-II-045.png,SI-II-045,IN-2026-013,"Ernst Leitz, Wetzlar, 1912, Stand II",No. 3,10,Swift EC5R,26,39,"Vol. IV, p. 42",
2026-03-31,SI II - Support and Conduction,Lamium purpureum,Red Dead-Nettle,"Lamium purpureum stem, T.S., transitional zone",Eosin | Methylene Blue,SU 513 984,SI-II-046.png,SI-II-046,IN-2026-013,"Ernst Leitz, Wetzlar, 1912, Stand II",No. 3,10,Swift EC5R,26,39,"Vol. IV, p. 42",
2026-03-31,SI II - Support and Conduction,Lamium purpureum,Red Dead-Nettle,"Lamium purpureum stem, T.S., overview",Eosin | Methylene Blue,SU 513 984,SI-II-047.png,SI-II-047,IN-2026-013,"Ernst Leitz, Wetzlar, 1912, Stand II",No. 3,10,Swift EC5R,26,39,"Vol. IV, p. 42",
2026-04-01,SI II - Support and Conduction,Corylus avellana,Common hazel,"Corylus avellana stem, T.S., outer region showing periderm and surface structures.",Eosin | Methylene Blue,SU 508 972,SI-II-048.png,SI-II-048,IN-2026-014,"Ernst Leitz, Wetzlar, 1912, Stand II",No. 3,10,Swift EC5R,26,39,,
2026-04-01,SI II - Support and Conduction,Corylus avellana,Common hazel,"Corylus avellana stem, T.S., inner region showing vascular tissues and pith.",Eosin | Methylene Blue,SU 508 972,SI-II-049.png,SI-II-049,IN-2026-014,"Ernst Leitz, Wetzlar, 1912, Stand II",No. 3,10,Swift EC5R,26,39,,
2026-04-01,SI II - Support and Conduction,Corylus avellana,Common hazel,"Corylus avellana stem, T.S., intermediate region between vascular tissues and pith.",Eosin | Methylene Blue,SU 508 972,SI-II-050.png,SI-II-050,IN-2026-014,"Ernst Leitz, Wetzlar, 1912, Stand II",No. 3,10,Swift EC5R,26,39,,
2026-04-02,SI II - Support and Conduction,Galium aparine,Common cleavers,"Galium aparine stem, L.S., epidermis with recurved trichome (hook hair)",Eosin | Methylene Blue,SU 5161 9853,SI-II-051.png,SI-II-051,IN-2026-015,"Ernst Leitz, Wetzlar, 1912, Stand II",No. 3,10,Swift EC5R,26,39,,
2026-04-02,SI II - Support and Conduction,Galium aparine,Common cleavers,"Galium aparine stem, L.S., epidermis through cortex to vascular region",Eosin | Methylene Blue,SU 5161 9853,SI-II-052.png,SI-II-052,IN-2026-015,"Ernst Leitz, Wetzlar, 1912, Stand II",No. 3,10,Swift EC5R,26,39,,
2026-04-02,SI II - Support and Conduction,Galium aparine,Common cleavers,"Galium aparine stem, L.S., pith",Eosin | Methylene Blue,SU 5161 9853,SI-II-053.png,SI-II-053,IN-2026-015,"Ernst Leitz, Wetzlar, 1912, Stand II",No. 3,10,Swift EC5R,26,39,,
2026-04-02,SI II - Support and Conduction,Galium aparine,Common cleavers,"Galium aparine stem, L.S., pith (approaching vascular boundary)",Eosin | Methylene Blue,SU 5161 9853,SI-II-054.png,SI-II-054,IN-2026-015,"Ernst Leitz, Wetzlar, 1912, Stand II",No. 3,10,Swift EC5R,26,39,,
2026-04-02,SI II - Support and Conduction,Galium aparine,Common cleavers,"Galium aparine stem, L.S., pith through vascular region to cortex",Eosin | Methylene Blue,SU 5161 9853,SI-II-055.png,SI-II-055,IN-2026-015,"Ernst Leitz, Wetzlar, 1912, Stand II",No. 3,10,Swift EC5R,26,39,,
2026-04-02,SI II - Support and Conduction,Galium aparine,Common cleavers,"Galium aparine stem, L.S., cortex to epidermis (outer margin)",Eosin | Methylene Blue,SU 5161 9853,SI-II-056.png,SI-II-056,IN-2026-015,"Ernst Leitz, Wetzlar, 1912, Stand II",No. 3,10,Swift EC5R,26,39,,
2026-04-07,SI IV - Surface and Exchange,Urtica dioica,Stinging Nettle,"Urtica dioica leaf, W.M., stinging hairs in situ at leaf margin",,SU 513 984,SI-IV-001.png,SI-IV-001,IN-2026-016,"Ernst Leitz, Wetzlar, 1912, Stand II",No. 3,10,Swift EC5R,26,39,,
2026-04-07,SI IV - Surface and Exchange,Urtica dioica,Stinging Nettle,"Urtica dioica leaf, W.M., stinging hairs, slight curvature, clear taper, bulb visible",,SU 513 984,SI-IV-002.png,SI-IV-002,IN-2026-016,"Ernst Leitz, Wetzlar, 1912, Stand II",No. 3,10,Swift EC5R,26,39,,
2026-04-07,SI IV - Surface and Exchange,Urtica dioica,Stinging Nettle,"Urtica dioica leaf, W.M., paired stinging hairs emerging from epidermal surface",,SU 513 984,SI-IV-003.png,SI-IV-003,IN-2026-016,"Ernst Leitz, Wetzlar, 1912, Stand II",No. 3,10,Swift EC5R,26,39,,
2026-04-07,SI IV - Surface and Exchange,Urtica dioica,Stinging Nettle,"Urtica dioica leaf, W.M., stinging hairs arising from bulbous base",,SU 513 984,SI-IV-004.png,SI-IV-004,IN-2026-016,"Ernst Leitz, Wetzlar, 1912, Stand II",No. 3,10,Swift EC5R,26,39,,
2026-04-07,SI IV - Surface and Exchange,Urtica dioica,Stinging Nettle,"Urtica dioica leaf, W.M., stinging hairs under mixed illumination",,SU 513 984,SI-IV-005.png,SI-IV-005,IN-2026-016,"Ernst Leitz, Wetzlar, 1912, Stand II",No. 3,10,Swift EC5R,26,39,,
2026-04-14,SI II - Support and Conduction,Taraxacum officinale,Dandelion,"Taraxacum officinale leaf, W.M., venation obscured by mesophyll",,SU 5161 9853,SI-II-057.png,SI-II-057,IN-2026-017,"Ernst Leitz, Wetzlar, 1912, Stand II",No. 3,10,Swift EC5R,26,39,,
2026-04-14,SI II - Support and Conduction,Taraxacum officinale,Dandelion,"Taraxacum officinale leaf, W.M., larger vein visible within surrounding mesophyll",,SU 5161 9853,SI-II-058.png,SI-II-058,IN-2026-017,"Ernst Leitz, Wetzlar, 1912, Stand II",No. 3,10,Swift EC5R,26,39,,
2026-04-14,SI II - Support and Conduction,Taraxacum officinale,Dandelion,"Taraxacum officinale leaf, W.M., midrib showing longitudinal alignment of vascular elements.",,SU 5161 9853,SI-II-059.png,SI-II-059,IN-2026-017,"Ernst Leitz, Wetzlar, 1912, Stand II",No. 3,10,Swift EC5R,26,39,,
2026-04-14,SI II - Support and Conduction,Taraxacum officinale,Dandelion,"Taraxacum officinale leaf, W.M., venation emerging after mechanical thinning",,SU 5161 9853,SI-II-060.png,SI-II-060,IN-2026-017,"Ernst Leitz, Wetzlar, 1912, Stand II",No. 3,10,Swift EC5R,26,39,,
2026-04-14,SI II - Support and Conduction,Taraxacum officinale,Dandelion,"Taraxacum officinale leaf, W.M., vein segment showing continuity of vascular structure",,SU 5161 9853,SI-II-061.png,SI-II-061,IN-2026-017,"Ernst Leitz, Wetzlar, 1912, Stand II",No. 3,10,Swift EC5R,26,39,,
2026-04-14,SI II - Support and Conduction,Taraxacum officinale,Dandelion,"Taraxacum officinale leaf, W.M., junction of secondary veins showing branching arrangement",,,SI-II-062.png,SI-II-062,IN-2026-017,"Ernst Leitz, Wetzlar, 1912, Stand II",No. 3,10,Swift EC5R,26,39,,
2026-04-15,SI II - Support and Conduction,Hedera helix,Common ivy,"Hedera helix leaf, W.M., epidermal structure showing stomata.",,SU 513 984,SI-II-063.png,SI-II-063,IN-2026-018,"Ernst Leitz, Wetzlar, 1912, Stand II",No. 3,10,Swift EC5R,26,39,,
2026-04-15,SI II - Support and Conduction,Hedera helix,Common ivy,"Hedera helix leaf, W.M., vascular structure, surrounding tissue partially cleared.",,SU 513 984,SI-II-064.png,SI-II-064,IN-2026-018,"Ernst Leitz, Wetzlar, 1912, Stand II",No. 3,10,Swift EC5R,26,39,,
2026-04-15,SI II - Support and Conduction,Hedera helix,Common ivy,"Hedera helix leaf, W.M., restricted clearing at the cut edge",,SU 513 984,SI-II-065.png,SI-II-065,IN-2026-018,"Ernst Leitz, Wetzlar, 1912, Stand II",No. 3,10,Swift EC5R,26,39,,
